{"cameraMode":{"drawMode":0,"name":"Shaded","section":"Shading Mode"},"sceneLighting":true,"audioPlay":false,"sceneViewState":{"showFog":true,"showMaterialUpdate":false,"showSkybox":true,"showFlares":true,"showImageEffects":true,"showParticleSystems":true},"in2DMode":false,"pivot":{"x":-12.522089958190918,"y":-36.660606384277347,"z":64.076904296875},"rotation":{"x":-0.3153395652770996,"y":0.22126689553260804,"z":-0.07586602866649628,"w":-0.9196990728378296},"size":83.10826110839844,"orthographic":false}